[{"id": 1, "name": "Bacon Egg & Cheese Sandwich", "meal_type": "Breakfast", "category": "Breakfast Entrees", "votes": 0, "hall": "Cypress Bend Cafe", "day": "Wednesday, August 7"}, {"id": 2, "name": "Bacon, Egg  & Cheese Burrito", "meal_type": "Breakfast", "category": "Breakfast Entrees", "votes": 0, "hall": "Cypress Bend Cafe", "day": "Wednesday, August 7"}, {"id": 3, "name": "Bacon, Egg & Cheese Breakfast Taco", "meal_type": "Breakfast", "category": "Breakfast Entrees", "votes": 0, "hall": "Cypress Bend Cafe", "day": "Wednesday, August 7"}, {"id": 4, "name": "Bean & Cheese Breakfast Taco", "meal_type": "Breakfast", "category": "Breakfast Entrees", "votes": 0, "hall": "Cypress Bend Cafe", "day": "Wednesday, August 7"}, {"id": 5, "name": "Brisket, Egg & Cheese Burrito w/ Arbol Sauce", "meal_type": "Breakfast", "category": "Breakfast Entrees", "votes": 0, "hall": "Cypress Bend Cafe", "day": "Wednesday, August 7"}, {"id": 6, "name": "Chorizo, Egg & Cheese Burrito", "meal_type": "Breakfast", "category": "Breakfast Entrees", "votes": 0, "hall": "Cypress Bend Cafe", "day": "Wednesday, August 7"}, {"id": 7, "name": "English Muffin Breakfast Sandwich", "meal_type": "Breakfast", "category": "Breakfast Entrees", "votes": 0, "hall": "Cypress Bend Cafe", "day": "Wednesday, August 7"}, {"id": 8, "name": "Ham Egg & Cheese Breakfast Sandwich", "meal_type": "Breakfast", "category": "Breakfast Entrees", "votes": 0, "hall": "Cypress Bend Cafe", "day": "Wednesday, August 7"}, {"id": 9, "name": "Potato & Black Bean Breakfast Taco", "meal_type": "Breakfast", "category": "Breakfast Entrees", "votes": 0, "hall": "Cypress Bend Cafe", "day": "Wednesday, August 7"}, {"id": 10, "name": "Fried Egg", "meal_type": "Breakfast", "category": "Breakfast Ala Carte", "votes": 0, "hall": "Cypress Bend Cafe", "day": "Wednesday, August 7"}, {"id": 11, "name": "Plant-based Breakfast Patty", "meal_type": "Breakfast", "category": "Breakfast Ala Carte", "votes": 0, "hall": "Cypress Bend Cafe", "day": "Wednesday, August 7"}, {"id": 12, "name": "Scrambled Eggs", "meal_type": "Breakfast", "category": "Breakfast Ala Carte", "votes": 0, "hall": "Cypress Bend Cafe", "day": "Wednesday, August 7"}, {"id": 13, "name": "Blueberry Muffin", "meal_type": "Breakfast", "category": "Bakery", "votes": 0, "hall": "Cypress Bend Cafe", "day": "Wednesday, August 7"}, {"id": 14, "name": "Chocolate Chip Cookies 3 per bag", "meal_type": "Breakfast", "category": "Bakery", "votes": 0, "hall": "Cypress Bend Cafe", "day": "Wednesday, August 7"}, {"id": 15, "name": "Cinnamon Coffee Cake", "meal_type": "Breakfast", "category": "Bakery", "votes": 0, "hall": "Cypress Bend Cafe", "day": "Wednesday, August 7"}, {"id": 16, "name": "Flaky Croissant", "meal_type": "Breakfast", "category": "Bakery", "votes": 0, "hall": "Cypress Bend Cafe", "day": "Wednesday, August 7"}, {"id": 17, "name": "Ham and Cheese Croissant", "meal_type": "Breakfast", "category": "Bakery", "votes": 0, "hall": "Cypress Bend Cafe", "day": "Wednesday, August 7"}, {"id": 18, "name": "Lemon Blueberry Bread", "meal_type": "Breakfast", "category": "Bakery", "votes": 0, "hall": "Cypress Bend Cafe", "day": "Wednesday, August 7"}, {"id": 19, "name": "Spinach & Feta Bistro Pastry", "meal_type": "Breakfast", "category": "Bakery", "votes": 0, "hall": "Cypress Bend Cafe", "day": "Wednesday, August 7"}, {"id": 20, "name": "Strawberry Cream Cheese Danish", "meal_type": "Breakfast", "category": "Bakery", "votes": 0, "hall": "Cypress Bend Cafe", "day": "Wednesday, August 7"}, {"id": 21, "name": "Chocolate & Raspberry Coconut Yogurt Parfait", "meal_type": "Breakfast", "category": "Breakfast Grab & Go", "votes": 0, "hall": "Cypress Bend Cafe", "day": "Wednesday, August 7"}, {"id": 22, "name": "Pineapple Fruit Cup", "meal_type": "Breakfast", "category": "Breakfast Grab & Go", "votes": 0, "hall": "Cypress Bend Cafe", "day": "Wednesday, August 7"}, {"id": 23, "name": "Black Bean Quinoa Burger", "meal_type": "Lunch", "category": "Grill Entrees", "votes": 0, "hall": "Cypress Bend Cafe", "day": "Wednesday, August 7"}, {"id": 24, "name": "Caprese Grilled Cheese Sandwich", "meal_type": "Lunch", "category": "Grill Entrees", "votes": 0, "hall": "Cypress Bend Cafe", "day": "Wednesday, August 7"}, {"id": 25, "name": "Halal Chicken Sandwich", "meal_type": "Lunch", "category": "Grill Entrees", "votes": 0, "hall": "Cypress Bend Cafe", "day": "Wednesday, August 7"}, {"id": 26, "name": "Hot Italian Sandwich", "meal_type": "Lunch", "category": "Grill Entrees", "votes": 0, "hall": "Cypress Bend Cafe", "day": "Wednesday, August 7"}, {"id": 27, "name": "House-Made Chicken Tenders", "meal_type": "Lunch", "category": "Grill Entrees", "votes": 0, "hall": "Cypress Bend Cafe", "day": "Wednesday, August 7"}, {"id": 28, "name": "Nashville Hot Chicken Sandwich", "meal_type": "Lunch", "category": "Grill Entrees", "votes": 0, "hall": "Cypress Bend Cafe", "day": "Wednesday, August 7"}, {"id": 29, "name": "Tater Tot Nachos w/ Beef Brisket", "meal_type": "Lunch", "category": "Grill Entrees", "votes": 0, "hall": "Cypress Bend Cafe", "day": "Wednesday, August 7"}, {"id": 30, "name": "Turkey Burger", "meal_type": "Lunch", "category": "Grill Entrees", "votes": 0, "hall": "Cypress Bend Cafe", "day": "Wednesday, August 7"}, {"id": 31, "name": "American Cheese Slices", "meal_type": "Lunch", "category": "Grill Sides", "votes": 0, "hall": "Cypress Bend Cafe", "day": "Wednesday, August 7"}, {"id": 32, "name": "Bacon", "meal_type": "Lunch", "category": "Grill Sides", "votes": 0, "hall": "Cypress Bend Cafe", "day": "Wednesday, August 7"}, {"id": 33, "name": "Cheddar Cheese", "meal_type": "Lunch", "category": "Grill Sides", "votes": 0, "hall": "Cypress Bend Cafe", "day": "Wednesday, August 7"}, {"id": 34, "name": "Fried Egg", "meal_type": "Lunch", "category": "Grill Sides", "votes": 0, "hall": "Cypress Bend Cafe", "day": "Wednesday, August 7"}, {"id": 35, "name": "Fried Jalapenos", "meal_type": "Lunch", "category": "Grill Sides", "votes": 0, "hall": "Cypress Bend Cafe", "day": "Wednesday, August 7"}, {"id": 36, "name": "Guacamole", "meal_type": "Lunch", "category": "Grill Sides", "votes": 0, "hall": "Cypress Bend Cafe", "day": "Wednesday, August 7"}, {"id": 37, "name": "Pepper Jack Cheese", "meal_type": "Lunch", "category": "Grill Sides", "votes": 0, "hall": "Cypress Bend Cafe", "day": "Wednesday, August 7"}, {"id": 38, "name": "Queso Blanco", "meal_type": "Lunch", "category": "Grill Sides", "votes": 0, "hall": "Cypress Bend Cafe", "day": "Wednesday, August 7"}, {"id": 39, "name": "Sauteed Onions", "meal_type": "Lunch", "category": "Grill Sides", "votes": 0, "hall": "Cypress Bend Cafe", "day": "Wednesday, August 7"}, {"id": 40, "name": "Sweet Potato Fries", "meal_type": "Lunch", "category": "Grill Sides", "votes": 0, "hall": "Cypress Bend Cafe", "day": "Wednesday, August 7"}, {"id": 41, "name": "Tater Tots", "meal_type": "Lunch", "category": "Grill Sides", "votes": 0, "hall": "Cypress Bend Cafe", "day": "Wednesday, August 7"}, {"id": 42, "name": "Waffle Fries", "meal_type": "Lunch", "category": "Grill Sides", "votes": 0, "hall": "Cypress Bend Cafe", "day": "Wednesday, August 7"}, {"id": 43, "name": "Almond & Blueberry Kale Side Salad w/ Balsamic", "meal_type": "Lunch", "category": "Grab & Go Salads", "votes": 0, "hall": "Cypress Bend Cafe", "day": "Wednesday, August 7"}, {"id": 44, "name": "Mediterranean Garden Salad", "meal_type": "Lunch", "category": "Grab & Go Salads", "votes": 0, "hall": "Cypress Bend Cafe", "day": "Wednesday, August 7"}, {"id": 45, "name": "Strawberry Spinach Salad w/ Grilled Chicken", "meal_type": "Lunch", "category": "Grab & Go Salads", "votes": 0, "hall": "Cypress Bend Cafe", "day": "Wednesday, August 7"}, {"id": 46, "name": "Classic Italian Focaccia Sandwich", "meal_type": "Lunch", "category": "G&G Sandwiches", "votes": 0, "hall": "Cypress Bend Cafe", "day": "Wednesday, August 7"}, {"id": 47, "name": "Egg Salad Sandwich", "meal_type": "Lunch", "category": "G&G Sandwiches", "votes": 0, "hall": "Cypress Bend Cafe", "day": "Wednesday, August 7"}, {"id": 48, "name": "Gluten Free Turkey & Provolone Sandwich", "meal_type": "Lunch", "category": "G&G Sandwiches", "votes": 0, "hall": "Cypress Bend Cafe", "day": "Wednesday, August 7"}, {"id": 49, "name": "Mediterranean Style Sweet Potato & Hummus Wrap", "meal_type": "Lunch", "category": "G&G Sandwiches", "votes": 0, "hall": "Cypress Bend Cafe", "day": "Wednesday, August 7"}, {"id": 50, "name": "Bacon Egg & Cheese Sandwich", "meal_type": "Breakfast", "category": "Breakfast Entrees", "votes": 0, "hall": "Cypress Bend Cafe", "day": "Thursday, August 8"}, {"id": 51, "name": "Bacon, Egg  & Cheese Burrito", "meal_type": "Breakfast", "category": "Breakfast Entrees", "votes": 0, "hall": "Cypress Bend Cafe", "day": "Thursday, August 8"}, {"id": 52, "name": "Bacon, Egg & Cheese Breakfast Taco", "meal_type": "Breakfast", "category": "Breakfast Entrees", "votes": 0, "hall": "Cypress Bend Cafe", "day": "Thursday, August 8"}, {"id": 53, "name": "Bean & Cheese Breakfast Taco", "meal_type": "Breakfast", "category": "Breakfast Entrees", "votes": 0, "hall": "Cypress Bend Cafe", "day": "Thursday, August 8"}, {"id": 54, "name": "Brisket, Egg & Cheese Burrito w/ Arbol Sauce", "meal_type": "Breakfast", "category": "Breakfast Entrees", "votes": 0, "hall": "Cypress Bend Cafe", "day": "Thursday, August 8"}, {"id": 55, "name": "Chorizo, Egg & Cheese Burrito", "meal_type": "Breakfast", "category": "Breakfast Entrees", "votes": 0, "hall": "Cypress Bend Cafe", "day": "Thursday, August 8"}, {"id": 56, "name": "English Muffin Breakfast Sandwich", "meal_type": "Breakfast", "category": "Breakfast Entrees", "votes": 0, "hall": "Cypress Bend Cafe", "day": "Thursday, August 8"}, {"id": 57, "name": "Ham Egg & Cheese Breakfast Sandwich", "meal_type": "Breakfast", "category": "Breakfast Entrees", "votes": 0, "hall": "Cypress Bend Cafe", "day": "Thursday, August 8"}, {"id": 58, "name": "Potato & Black Bean Breakfast Taco", "meal_type": "Breakfast", "category": "Breakfast Entrees", "votes": 0, "hall": "Cypress Bend Cafe", "day": "Thursday, August 8"}, {"id": 59, "name": "Fried Egg", "meal_type": "Breakfast", "category": "Breakfast Ala Carte", "votes": 0, "hall": "Cypress Bend Cafe", "day": "Thursday, August 8"}, {"id": 60, "name": "Plant-based Breakfast Patty", "meal_type": "Breakfast", "category": "Breakfast Ala Carte", "votes": 0, "hall": "Cypress Bend Cafe", "day": "Thursday, August 8"}, {"id": 61, "name": "Scrambled Eggs", "meal_type": "Breakfast", "category": "Breakfast Ala Carte", "votes": 0, "hall": "Cypress Bend Cafe", "day": "Thursday, August 8"}, {"id": 62, "name": "Blueberry Muffin", "meal_type": "Breakfast", "category": "Bakery", "votes": 0, "hall": "Cypress Bend Cafe", "day": "Thursday, August 8"}, {"id": 63, "name": "Chocolate Chip Cookies 3 per bag", "meal_type": "Breakfast", "category": "Bakery", "votes": 0, "hall": "Cypress Bend Cafe", "day": "Thursday, August 8"}, {"id": 64, "name": "Cinnamon Coffee Cake", "meal_type": "Breakfast", "category": "Bakery", "votes": 0, "hall": "Cypress Bend Cafe", "day": "Thursday, August 8"}, {"id": 65, "name": "Flaky Croissant", "meal_type": "Breakfast", "category": "Bakery", "votes": 0, "hall": "Cypress Bend Cafe", "day": "Thursday, August 8"}, {"id": 66, "name": "Ham and Cheese Croissant", "meal_type": "Breakfast", "category": "Bakery", "votes": 0, "hall": "Cypress Bend Cafe", "day": "Thursday, August 8"}, {"id": 67, "name": "Spinach & Feta Bistro Pastry", "meal_type": "Breakfast", "category": "Bakery", "votes": 0, "hall": "Cypress Bend Cafe", "day": "Thursday, August 8"}, {"id": 68, "name": "Strawberry Cream Cheese Danish", "meal_type": "Breakfast", "category": "Bakery", "votes": 0, "hall": "Cypress Bend Cafe", "day": "Thursday, August 8"}, {"id": 69, "name": "Chocolate & Raspberry Coconut Yogurt Parfait", "meal_type": "Breakfast", "category": "Breakfast Grab & Go", "votes": 0, "hall": "Cypress Bend Cafe", "day": "Thursday, August 8"}, {"id": 70, "name": "Pineapple Fruit Cup", "meal_type": "Breakfast", "category": "Breakfast Grab & Go", "votes": 0, "hall": "Cypress Bend Cafe", "day": "Thursday, August 8"}, {"id": 71, "name": "Black Bean Quinoa Burger", "meal_type": "Lunch", "category": "Grill Entrees", "votes": 0, "hall": "Cypress Bend Cafe", "day": "Thursday, August 8"}, {"id": 72, "name": "Caprese Grilled Cheese Sandwich", "meal_type": "Lunch", "category": "Grill Entrees", "votes": 0, "hall": "Cypress Bend Cafe", "day": "Thursday, August 8"}, {"id": 73, "name": "Halal Chicken Sandwich", "meal_type": "Lunch", "category": "Grill Entrees", "votes": 0, "hall": "Cypress Bend Cafe", "day": "Thursday, August 8"}, {"id": 74, "name": "Hot Italian Sandwich", "meal_type": "Lunch", "category": "Grill Entrees", "votes": 0, "hall": "Cypress Bend Cafe", "day": "Thursday, August 8"}, {"id": 75, "name": "House-Made Chicken Tenders", "meal_type": "Lunch", "category": "Grill Entrees", "votes": 0, "hall": "Cypress Bend Cafe", "day": "Thursday, August 8"}, {"id": 76, "name": "Nashville Hot Chicken Sandwich", "meal_type": "Lunch", "category": "Grill Entrees", "votes": 0, "hall": "Cypress Bend Cafe", "day": "Thursday, August 8"}, {"id": 77, "name": "Tater Tot Nachos w/ Beef Brisket", "meal_type": "Lunch", "category": "Grill Entrees", "votes": 0, "hall": "Cypress Bend Cafe", "day": "Thursday, August 8"}, {"id": 78, "name": "Turkey Burger", "meal_type": "Lunch", "category": "Grill Entrees", "votes": 0, "hall": "Cypress Bend Cafe", "day": "Thursday, August 8"}, {"id": 79, "name": "American Cheese Slices", "meal_type": "Lunch", "category": "Grill Sides", "votes": 0, "hall": "Cypress Bend Cafe", "day": "Thursday, August 8"}, {"id": 80, "name": "Bacon", "meal_type": "Lunch", "category": "Grill Sides", "votes": 0, "hall": "Cypress Bend Cafe", "day": "Thursday, August 8"}, {"id": 81, "name": "Cheddar Cheese", "meal_type": "Lunch", "category": "Grill Sides", "votes": 0, "hall": "Cypress Bend Cafe", "day": "Thursday, August 8"}, {"id": 82, "name": "Fried Egg", "meal_type": "Lunch", "category": "Grill Sides", "votes": 0, "hall": "Cypress Bend Cafe", "day": "Thursday, August 8"}, {"id": 83, "name": "Fried Jalapenos", "meal_type": "Lunch", "category": "Grill Sides", "votes": 0, "hall": "Cypress Bend Cafe", "day": "Thursday, August 8"}, {"id": 84, "name": "Guacamole", "meal_type": "Lunch", "category": "Grill Sides", "votes": 0, "hall": "Cypress Bend Cafe", "day": "Thursday, August 8"}, {"id": 85, "name": "Pepper Jack Cheese", "meal_type": "Lunch", "category": "Grill Sides", "votes": 0, "hall": "Cypress Bend Cafe", "day": "Thursday, August 8"}, {"id": 86, "name": "Queso Blanco", "meal_type": "Lunch", "category": "Grill Sides", "votes": 0, "hall": "Cypress Bend Cafe", "day": "Thursday, August 8"}, {"id": 87, "name": "Sauteed Onions", "meal_type": "Lunch", "category": "Grill Sides", "votes": 0, "hall": "Cypress Bend Cafe", "day": "Thursday, August 8"}, {"id": 88, "name": "Sweet Potato Fries", "meal_type": "Lunch", "category": "Grill Sides", "votes": 0, "hall": "Cypress Bend Cafe", "day": "Thursday, August 8"}, {"id": 89, "name": "Tater Tots", "meal_type": "Lunch", "category": "Grill Sides", "votes": 0, "hall": "Cypress Bend Cafe", "day": "Thursday, August 8"}, {"id": 90, "name": "Waffle Fries", "meal_type": "Lunch", "category": "Grill Sides", "votes": 0, "hall": "Cypress Bend Cafe", "day": "Thursday, August 8"}, {"id": 91, "name": "Almond & Blueberry Kale Side Salad w/ Balsamic", "meal_type": "Lunch", "category": "Grab & Go Salads", "votes": 0, "hall": "Cypress Bend Cafe", "day": "Thursday, August 8"}, {"id": 92, "name": "Mediterranean Garden Salad", "meal_type": "Lunch", "category": "Grab & Go Salads", "votes": 0, "hall": "Cypress Bend Cafe", "day": "Thursday, August 8"}, {"id": 93, "name": "Strawberry Spinach Salad w/ Grilled Chicken", "meal_type": "Lunch", "category": "Grab & Go Salads", "votes": 0, "hall": "Cypress Bend Cafe", "day": "Thursday, August 8"}, {"id": 94, "name": "Classic Italian Focaccia Sandwich", "meal_type": "Lunch", "category": "G&G Sandwiches", "votes": 0, "hall": "Cypress Bend Cafe", "day": "Thursday, August 8"}, {"id": 95, "name": "Egg Salad Sandwich", "meal_type": "Lunch", "category": "G&G Sandwiches", "votes": 0, "hall": "Cypress Bend Cafe", "day": "Thursday, August 8"}, {"id": 96, "name": "Gluten Free Turkey & Provolone Sandwich", "meal_type": "Lunch", "category": "G&G Sandwiches", "votes": 0, "hall": "Cypress Bend Cafe", "day": "Thursday, August 8"}, {"id": 97, "name": "Mediterranean Style Sweet Potato & Hummus Wrap", "meal_type": "Lunch", "category": "G&G Sandwiches", "votes": 0, "hall": "Cypress Bend Cafe", "day": "Thursday, August 8"}, {"id": 98, "name": "Bacon Egg & Cheese Sandwich", "meal_type": "Breakfast", "category": "Breakfast Entrees", "votes": 0, "hall": "Cypress Bend Cafe", "day": "Friday, August 9"}, {"id": 99, "name": "Bacon, Egg  & Cheese Burrito", "meal_type": "Breakfast", "category": "Breakfast Entrees", "votes": 0, "hall": "Cypress Bend Cafe", "day": "Friday, August 9"}, {"id": 100, "name": "Bacon, Egg & Cheese Breakfast Taco", "meal_type": "Breakfast", "category": "Breakfast Entrees", "votes": 0, "hall": "Cypress Bend Cafe", "day": "Friday, August 9"}, {"id": 101, "name": "Bean & Cheese Breakfast Taco", "meal_type": "Breakfast", "category": "Breakfast Entrees", "votes": 0, "hall": "Cypress Bend Cafe", "day": "Friday, August 9"}, {"id": 102, "name": "Brisket, Egg & Cheese Burrito w/ Arbol Sauce", "meal_type": "Breakfast", "category": "Breakfast Entrees", "votes": 0, "hall": "Cypress Bend Cafe", "day": "Friday, August 9"}, {"id": 103, "name": "Chorizo, Egg & Cheese Burrito", "meal_type": "Breakfast", "category": "Breakfast Entrees", "votes": 0, "hall": "Cypress Bend Cafe", "day": "Friday, August 9"}, {"id": 104, "name": "English Muffin Breakfast Sandwich", "meal_type": "Breakfast", "category": "Breakfast Entrees", "votes": 0, "hall": "Cypress Bend Cafe", "day": "Friday, August 9"}, {"id": 105, "name": "Ham Egg & Cheese Breakfast Sandwich", "meal_type": "Breakfast", "category": "Breakfast Entrees", "votes": 0, "hall": "Cypress Bend Cafe", "day": "Friday, August 9"}, {"id": 106, "name": "Potato & Black Bean Breakfast Taco", "meal_type": "Breakfast", "category": "Breakfast Entrees", "votes": 0, "hall": "Cypress Bend Cafe", "day": "Friday, August 9"}, {"id": 107, "name": "Fried Egg", "meal_type": "Breakfast", "category": "Breakfast Ala Carte", "votes": 0, "hall": "Cypress Bend Cafe", "day": "Friday, August 9"}, {"id": 108, "name": "Plant-based Breakfast Patty", "meal_type": "Breakfast", "category": "Breakfast Ala Carte", "votes": 0, "hall": "Cypress Bend Cafe", "day": "Friday, August 9"}, {"id": 109, "name": "Scrambled Eggs", "meal_type": "Breakfast", "category": "Breakfast Ala Carte", "votes": 0, "hall": "Cypress Bend Cafe", "day": "Friday, August 9"}, {"id": 110, "name": "Blueberry Muffin", "meal_type": "Breakfast", "category": "Bakery", "votes": 0, "hall": "Cypress Bend Cafe", "day": "Friday, August 9"}, {"id": 111, "name": "Chocolate Chip Cookies 3 per bag", "meal_type": "Breakfast", "category": "Bakery", "votes": 0, "hall": "Cypress Bend Cafe", "day": "Friday, August 9"}, {"id": 112, "name": "Cinnamon Coffee Cake", "meal_type": "Breakfast", "category": "Bakery", "votes": 0, "hall": "Cypress Bend Cafe", "day": "Friday, August 9"}, {"id": 113, "name": "Flaky Croissant", "meal_type": "Breakfast", "category": "Bakery", "votes": 0, "hall": "Cypress Bend Cafe", "day": "Friday, August 9"}, {"id": 114, "name": "Ham and Cheese Croissant", "meal_type": "Breakfast", "category": "Bakery", "votes": 0, "hall": "Cypress Bend Cafe", "day": "Friday, August 9"}, {"id": 115, "name": "Lemon Blueberry Bread", "meal_type": "Breakfast", "category": "Bakery", "votes": 0, "hall": "Cypress Bend Cafe", "day": "Friday, August 9"}, {"id": 116, "name": "Spinach & Feta Bistro Pastry", "meal_type": "Breakfast", "category": "Bakery", "votes": 0, "hall": "Cypress Bend Cafe", "day": "Friday, August 9"}, {"id": 117, "name": "Strawberry Cream Cheese Danish", "meal_type": "Breakfast", "category": "Bakery", "votes": 0, "hall": "Cypress Bend Cafe", "day": "Friday, August 9"}, {"id": 118, "name": "Chocolate & Raspberry Coconut Yogurt Parfait", "meal_type": "Breakfast", "category": "Breakfast Grab & Go", "votes": 0, "hall": "Cypress Bend Cafe", "day": "Friday, August 9"}, {"id": 119, "name": "Pineapple Fruit Cup", "meal_type": "Breakfast", "category": "Breakfast Grab & Go", "votes": 0, "hall": "Cypress Bend Cafe", "day": "Friday, August 9"}, {"id": 120, "name": "Black Bean Quinoa Burger", "meal_type": "Lunch", "category": "Grill Entrees", "votes": 0, "hall": "Cypress Bend Cafe", "day": "Friday, August 9"}, {"id": 121, "name": "Caprese Grilled Cheese Sandwich", "meal_type": "Lunch", "category": "Grill Entrees", "votes": 0, "hall": "Cypress Bend Cafe", "day": "Friday, August 9"}, {"id": 122, "name": "Halal Chicken Sandwich", "meal_type": "Lunch", "category": "Grill Entrees", "votes": 0, "hall": "Cypress Bend Cafe", "day": "Friday, August 9"}, {"id": 123, "name": "Hot Italian Sandwich", "meal_type": "Lunch", "category": "Grill Entrees", "votes": 0, "hall": "Cypress Bend Cafe", "day": "Friday, August 9"}, {"id": 124, "name": "House-Made Chicken Tenders", "meal_type": "Lunch", "category": "Grill Entrees", "votes": 0, "hall": "Cypress Bend Cafe", "day": "Friday, August 9"}, {"id": 125, "name": "Nashville Hot Chicken Sandwich", "meal_type": "Lunch", "category": "Grill Entrees", "votes": 0, "hall": "Cypress Bend Cafe", "day": "Friday, August 9"}, {"id": 126, "name": "Tater Tot Nachos w/ Beef Brisket", "meal_type": "Lunch", "category": "Grill Entrees", "votes": 0, "hall": "Cypress Bend Cafe", "day": "Friday, August 9"}, {"id": 127, "name": "Turkey Burger", "meal_type": "Lunch", "category": "Grill Entrees", "votes": 0, "hall": "Cypress Bend Cafe", "day": "Friday, August 9"}, {"id": 128, "name": "American Cheese Slices", "meal_type": "Lunch", "category": "Grill Sides", "votes": 0, "hall": "Cypress Bend Cafe", "day": "Friday, August 9"}, {"id": 129, "name": "Bacon", "meal_type": "Lunch", "category": "Grill Sides", "votes": 0, "hall": "Cypress Bend Cafe", "day": "Friday, August 9"}, {"id": 130, "name": "Cheddar Cheese", "meal_type": "Lunch", "category": "Grill Sides", "votes": 0, "hall": "Cypress Bend Cafe", "day": "Friday, August 9"}, {"id": 131, "name": "Fried Egg", "meal_type": "Lunch", "category": "Grill Sides", "votes": 0, "hall": "Cypress Bend Cafe", "day": "Friday, August 9"}, {"id": 132, "name": "Fried Jalapenos", "meal_type": "Lunch", "category": "Grill Sides", "votes": 0, "hall": "Cypress Bend Cafe", "day": "Friday, August 9"}, {"id": 133, "name": "Guacamole", "meal_type": "Lunch", "category": "Grill Sides", "votes": 0, "hall": "Cypress Bend Cafe", "day": "Friday, August 9"}, {"id": 134, "name": "Pepper Jack Cheese", "meal_type": "Lunch", "category": "Grill Sides", "votes": 0, "hall": "Cypress Bend Cafe", "day": "Friday, August 9"}, {"id": 135, "name": "Queso Blanco", "meal_type": "Lunch", "category": "Grill Sides", "votes": 0, "hall": "Cypress Bend Cafe", "day": "Friday, August 9"}, {"id": 136, "name": "Sauteed Onions", "meal_type": "Lunch", "category": "Grill Sides", "votes": 0, "hall": "Cypress Bend Cafe", "day": "Friday, August 9"}, {"id": 137, "name": "Sweet Potato Fries", "meal_type": "Lunch", "category": "Grill Sides", "votes": 0, "hall": "Cypress Bend Cafe", "day": "Friday, August 9"}, {"id": 138, "name": "Tater Tots", "meal_type": "Lunch", "category": "Grill Sides", "votes": 0, "hall": "Cypress Bend Cafe", "day": "Friday, August 9"}, {"id": 139, "name": "Waffle Fries", "meal_type": "Lunch", "category": "Grill Sides", "votes": 0, "hall": "Cypress Bend Cafe", "day": "Friday, August 9"}, {"id": 140, "name": "Almond & Blueberry Kale Side Salad w/ Balsamic", "meal_type": "Lunch", "category": "Grab & Go Salads", "votes": 0, "hall": "Cypress Bend Cafe", "day": "Friday, August 9"}, {"id": 141, "name": "Mediterranean Garden Salad", "meal_type": "Lunch", "category": "Grab & Go Salads", "votes": 0, "hall": "Cypress Bend Cafe", "day": "Friday, August 9"}, {"id": 142, "name": "Strawberry Spinach Salad w/ Grilled Chicken", "meal_type": "Lunch", "category": "Grab & Go Salads", "votes": 0, "hall": "Cypress Bend Cafe", "day": "Friday, August 9"}, {"id": 143, "name": "Classic Italian Focaccia Sandwich", "meal_type": "Lunch", "category": "G&G Sandwiches", "votes": 0, "hall": "Cypress Bend Cafe", "day": "Friday, August 9"}, {"id": 144, "name": "Egg Salad Sandwich", "meal_type": "Lunch", "category": "G&G Sandwiches", "votes": 0, "hall": "Cypress Bend Cafe", "day": "Friday, August 9"}, {"id": 145, "name": "Gluten Free Turkey & Provolone Sandwich", "meal_type": "Lunch", "category": "G&G Sandwiches", "votes": 0, "hall": "Cypress Bend Cafe", "day": "Friday, August 9"}, {"id": 146, "name": "Mediterranean Style Sweet Potato & Hummus Wrap", "meal_type": "Lunch", "category": "G&G Sandwiches", "votes": 0, "hall": "Cypress Bend Cafe", "day": "Friday, August 9"}, {"id": 147, "name": "Bacon Egg & Cheese Sandwich", "meal_type": "Breakfast", "category": "Breakfast Entrees", "votes": 0, "hall": "Cypress Bend Cafe", "day": "Saturday, August 10"}, {"id": 148, "name": "Bacon, Egg  & Cheese Burrito", "meal_type": "Breakfast", "category": "Breakfast Entrees", "votes": 0, "hall": "Cypress Bend Cafe", "day": "Saturday, August 10"}, {"id": 149, "name": "Bacon, Egg & Cheese Breakfast Taco", "meal_type": "Breakfast", "category": "Breakfast Entrees", "votes": 0, "hall": "Cypress Bend Cafe", "day": "Saturday, August 10"}, {"id": 150, "name": "Bean & Cheese Breakfast Taco", "meal_type": "Breakfast", "category": "Breakfast Entrees", "votes": 0, "hall": "Cypress Bend Cafe", "day": "Saturday, August 10"}, {"id": 151, "name": "Brisket, Egg & Cheese Burrito w/ Arbol Sauce", "meal_type": "Breakfast", "category": "Breakfast Entrees", "votes": 0, "hall": "Cypress Bend Cafe", "day": "Saturday, August 10"}, {"id": 152, "name": "Chorizo, Egg & Cheese Burrito", "meal_type": "Breakfast", "category": "Breakfast Entrees", "votes": 0, "hall": "Cypress Bend Cafe", "day": "Saturday, August 10"}, {"id": 153, "name": "Ham Egg & Cheese Breakfast Sandwich", "meal_type": "Breakfast", "category": "Breakfast Entrees", "votes": 0, "hall": "Cypress Bend Cafe", "day": "Saturday, August 10"}, {"id": 154, "name": "Black Bean Quinoa Burger", "meal_type": "Lunch", "category": "Grill Entrees", "votes": 0, "hall": "Cypress Bend Cafe", "day": "Saturday, August 10"}, {"id": 155, "name": "Caprese Grilled Cheese Sandwich", "meal_type": "Lunch", "category": "Grill Entrees", "votes": 0, "hall": "Cypress Bend Cafe", "day": "Saturday, August 10"}, {"id": 156, "name": "Halal Chicken Sandwich", "meal_type": "Lunch", "category": "Grill Entrees", "votes": 0, "hall": "Cypress Bend Cafe", "day": "Saturday, August 10"}, {"id": 157, "name": "Hot Italian Sandwich", "meal_type": "Lunch", "category": "Grill Entrees", "votes": 0, "hall": "Cypress Bend Cafe", "day": "Saturday, August 10"}, {"id": 158, "name": "House-Made Chicken Tenders", "meal_type": "Lunch", "category": "Grill Entrees", "votes": 0, "hall": "Cypress Bend Cafe", "day": "Saturday, August 10"}, {"id": 159, "name": "Nashville Hot Chicken Sandwich", "meal_type": "Lunch", "category": "Grill Entrees", "votes": 0, "hall": "Cypress Bend Cafe", "day": "Saturday, August 10"}, {"id": 160, "name": "Tater Tot Nachos w/ Beef Brisket", "meal_type": "Lunch", "category": "Grill Entrees", "votes": 0, "hall": "Cypress Bend Cafe", "day": "Saturday, August 10"}, {"id": 161, "name": "Turkey Burger", "meal_type": "Lunch", "category": "Grill Entrees", "votes": 0, "hall": "Cypress Bend Cafe", "day": "Saturday, August 10"}, {"id": 162, "name": "American Cheese Slices", "meal_type": "Lunch", "category": "Grill Sides", "votes": 0, "hall": "Cypress Bend Cafe", "day": "Saturday, August 10"}, {"id": 163, "name": "Bacon", "meal_type": "Lunch", "category": "Grill Sides", "votes": 0, "hall": "Cypress Bend Cafe", "day": "Saturday, August 10"}, {"id": 164, "name": "Cheddar Cheese", "meal_type": "Lunch", "category": "Grill Sides", "votes": 0, "hall": "Cypress Bend Cafe", "day": "Saturday, August 10"}, {"id": 165, "name": "Fried Egg", "meal_type": "Lunch", "category": "Grill Sides", "votes": 0, "hall": "Cypress Bend Cafe", "day": "Saturday, August 10"}, {"id": 166, "name": "Fried Jalapenos", "meal_type": "Lunch", "category": "Grill Sides", "votes": 0, "hall": "Cypress Bend Cafe", "day": "Saturday, August 10"}, {"id": 167, "name": "Guacamole", "meal_type": "Lunch", "category": "Grill Sides", "votes": 0, "hall": "Cypress Bend Cafe", "day": "Saturday, August 10"}, {"id": 168, "name": "Pepper Jack Cheese", "meal_type": "Lunch", "category": "Grill Sides", "votes": 0, "hall": "Cypress Bend Cafe", "day": "Saturday, August 10"}, {"id": 169, "name": "Queso Blanco", "meal_type": "Lunch", "category": "Grill Sides", "votes": 0, "hall": "Cypress Bend Cafe", "day": "Saturday, August 10"}, {"id": 170, "name": "Sauteed Onions", "meal_type": "Lunch", "category": "Grill Sides", "votes": 0, "hall": "Cypress Bend Cafe", "day": "Saturday, August 10"}, {"id": 171, "name": "Sweet Potato Fries", "meal_type": "Lunch", "category": "Grill Sides", "votes": 0, "hall": "Cypress Bend Cafe", "day": "Saturday, August 10"}, {"id": 172, "name": "Tater Tots", "meal_type": "Lunch", "category": "Grill Sides", "votes": 0, "hall": "Cypress Bend Cafe", "day": "Saturday, August 10"}, {"id": 173, "name": "Waffle Fries", "meal_type": "Lunch", "category": "Grill Sides", "votes": 0, "hall": "Cypress Bend Cafe", "day": "Saturday, August 10"}, {"id": 174, "name": "Bacon, Egg & Cheese Breakfast Taco", "meal_type": "Breakfast", "category": "Breakfast Offerings", "votes": 0, "hall": "Littlefield Patio Cafe", "day": "Thursday, August 8"}, {"id": 175, "name": "Bean & Cheese Breakfast Taco", "meal_type": "Breakfast", "category": "Breakfast Offerings", "votes": 0, "hall": "Littlefield Patio Cafe", "day": "Thursday, August 8"}, {"id": 176, "name": "Chorizo & Egg Breakfast Taco", "meal_type": "Breakfast", "category": "Breakfast Offerings", "votes": 0, "hall": "Littlefield Patio Cafe", "day": "Thursday, August 8"}, {"id": 177, "name": "Egg & Cheese Croissant", "meal_type": "Breakfast", "category": "Breakfast Offerings", "votes": 0, "hall": "Littlefield Patio Cafe", "day": "Thursday, August 8"}, {"id": 178, "name": "Egg, Sausage & Cheese Croissant", "meal_type": "Breakfast", "category": "Breakfast Offerings", "votes": 0, "hall": "Littlefield Patio Cafe", "day": "Thursday, August 8"}, {"id": 179, "name": "Potato, Egg & Cheese Breakfast Taco", "meal_type": "Breakfast", "category": "Breakfast Offerings", "votes": 0, "hall": "Littlefield Patio Cafe", "day": "Thursday, August 8"}, {"id": 180, "name": "Blueberry Muffin", "meal_type": "Breakfast", "category": "Bakery", "votes": 0, "hall": "Littlefield Patio Cafe", "day": "Thursday, August 8"}, {"id": 181, "name": "Chocolate Chip Cookies 3 per bag", "meal_type": "Breakfast", "category": "Bakery", "votes": 0, "hall": "Littlefield Patio Cafe", "day": "Thursday, August 8"}, {"id": 182, "name": "Cinnamon Coffee Cake", "meal_type": "Breakfast", "category": "Bakery", "votes": 0, "hall": "Littlefield Patio Cafe", "day": "Thursday, August 8"}, {"id": 183, "name": "Flaky Croissant", "meal_type": "Breakfast", "category": "Bakery", "votes": 0, "hall": "Littlefield Patio Cafe", "day": "Thursday, August 8"}, {"id": 184, "name": "Ham and Cheese Croissant", "meal_type": "Breakfast", "category": "Bakery", "votes": 0, "hall": "Littlefield Patio Cafe", "day": "Thursday, August 8"}, {"id": 185, "name": "Lemon Blueberry Bread", "meal_type": "Breakfast", "category": "Bakery", "votes": 0, "hall": "Littlefield Patio Cafe", "day": "Thursday, August 8"}, {"id": 186, "name": "Spinach & Feta Bistro Pastry", "meal_type": "Breakfast", "category": "Bakery", "votes": 0, "hall": "Littlefield Patio Cafe", "day": "Thursday, August 8"}, {"id": 187, "name": "Strawberry Cream Cheese Danish", "meal_type": "Breakfast", "category": "Bakery", "votes": 0, "hall": "Littlefield Patio Cafe", "day": "Thursday, August 8"}, {"id": 188, "name": "Chocolate & Raspberry Coconut Yogurt Parfait", "meal_type": "Breakfast", "category": "Grab & Go", "votes": 0, "hall": "Littlefield Patio Cafe", "day": "Thursday, August 8"}, {"id": 189, "name": "Pineapple Fruit Cup", "meal_type": "Breakfast", "category": "Grab & Go", "votes": 0, "hall": "Littlefield Patio Cafe", "day": "Thursday, August 8"}, {"id": 190, "name": "American Cheese Slices", "meal_type": "Lunch", "category": "Grill", "votes": 0, "hall": "Littlefield Patio Cafe", "day": "Thursday, August 8"}, {"id": 191, "name": "French Fries", "meal_type": "Lunch", "category": "Grill", "votes": 0, "hall": "Littlefield Patio Cafe", "day": "Thursday, August 8"}, {"id": 192, "name": "Fresh Tomato Slices", "meal_type": "Lunch", "category": "Grill", "votes": 0, "hall": "Littlefield Patio Cafe", "day": "Thursday, August 8"}, {"id": 193, "name": "Halal Grilled Chicken Breast", "meal_type": "Lunch", "category": "Grill", "votes": 0, "hall": "Littlefield Patio Cafe", "day": "Thursday, August 8"}, {"id": 194, "name": "Shredded Romaine", "meal_type": "Lunch", "category": "Grill", "votes": 0, "hall": "Littlefield Patio Cafe", "day": "Thursday, August 8"}, {"id": 195, "name": "Spicy Black Bean Burger", "meal_type": "Lunch", "category": "Grill", "votes": 0, "hall": "Littlefield Patio Cafe", "day": "Thursday, August 8"}, {"id": 196, "name": "12\" Spinach Tortilla", "meal_type": "Lunch", "category": "Deli & Soup", "votes": 0, "hall": "Littlefield Patio Cafe", "day": "Thursday, August 8"}, {"id": 197, "name": "American Cheese Slices", "meal_type": "Lunch", "category": "Deli & Soup", "votes": 0, "hall": "Littlefield Patio Cafe", "day": "Thursday, August 8"}, {"id": 198, "name": "Applewood Smoked Turkey Breast", "meal_type": "Lunch", "category": "Deli & Soup", "votes": 0, "hall": "Littlefield Patio Cafe", "day": "Thursday, August 8"}, {"id": 199, "name": "Baby Swiss Cheese", "meal_type": "Lunch", "category": "Deli & Soup", "votes": 0, "hall": "Littlefield Patio Cafe", "day": "Thursday, August 8"}, {"id": 200, "name": "Cheddar Cheese", "meal_type": "Lunch", "category": "Deli & Soup", "votes": 0, "hall": "Littlefield Patio Cafe", "day": "Thursday, August 8"}, {"id": 201, "name": "Chicken Salad", "meal_type": "Lunch", "category": "Deli & Soup", "votes": 0, "hall": "Littlefield Patio Cafe", "day": "Thursday, August 8"}, {"id": 202, "name": "Fresh Tomato Slices", "meal_type": "Lunch", "category": "Deli & Soup", "votes": 0, "hall": "Littlefield Patio Cafe", "day": "Thursday, August 8"}, {"id": 203, "name": "Ham Slices", "meal_type": "Lunch", "category": "Deli & Soup", "votes": 0, "hall": "Littlefield Patio Cafe", "day": "Thursday, August 8"}, {"id": 204, "name": "Mayonnaise", "meal_type": "Lunch", "category": "Deli & Soup", "votes": 0, "hall": "Littlefield Patio Cafe", "day": "Thursday, August 8"}, {"id": 205, "name": "Multi Grain Bread", "meal_type": "Lunch", "category": "Deli & Soup", "votes": 0, "hall": "Littlefield Patio Cafe", "day": "Thursday, August 8"}, {"id": 206, "name": "Mustard", "meal_type": "Lunch", "category": "Deli & Soup", "votes": 0, "hall": "Littlefield Patio Cafe", "day": "Thursday, August 8"}, {"id": 207, "name": "Salami Slices", "meal_type": "Lunch", "category": "Deli & Soup", "votes": 0, "hall": "Littlefield Patio Cafe", "day": "Thursday, August 8"}, {"id": 208, "name": "Shredded Romaine", "meal_type": "Lunch", "category": "Deli & Soup", "votes": 0, "hall": "Littlefield Patio Cafe", "day": "Thursday, August 8"}, {"id": 209, "name": "Sliced Pickles", "meal_type": "Lunch", "category": "Deli & Soup", "votes": 0, "hall": "Littlefield Patio Cafe", "day": "Thursday, August 8"}, {"id": 210, "name": "Sliced Provolone Cheese", "meal_type": "Lunch", "category": "Deli & Soup", "votes": 0, "hall": "Littlefield Patio Cafe", "day": "Thursday, August 8"}, {"id": 211, "name": "Swiss Cheese Slices", "meal_type": "Lunch", "category": "Deli & Soup", "votes": 0, "hall": "Littlefield Patio Cafe", "day": "Thursday, August 8"}, {"id": 212, "name": "Tuna Salad", "meal_type": "Lunch", "category": "Deli & Soup", "votes": 0, "hall": "Littlefield Patio Cafe", "day": "Thursday, August 8"}, {"id": 213, "name": "Turkey Club", "meal_type": "Lunch", "category": "Deli & Soup", "votes": 0, "hall": "Littlefield Patio Cafe", "day": "Thursday, August 8"}, {"id": 214, "name": "White Bread", "meal_type": "Lunch", "category": "Deli & Soup", "votes": 0, "hall": "Littlefield Patio Cafe", "day": "Thursday, August 8"}, {"id": 215, "name": "Cheese Pizza", "meal_type": "Lunch", "category": "Pizza", "votes": 0, "hall": "Littlefield Patio Cafe", "day": "Thursday, August 8"}, {"id": 216, "name": "Pepperoni Pizza", "meal_type": "Lunch", "category": "Pizza", "votes": 0, "hall": "Littlefield Patio Cafe", "day": "Thursday, August 8"}, {"id": 217, "name": "Almond & Blueberry Kale Side Salad w/ Balsamic", "meal_type": "Lunch", "category": "Grab & Go Salads", "votes": 0, "hall": "Littlefield Patio Cafe", "day": "Thursday, August 8"}, {"id": 218, "name": "Mediterranean Garden Salad", "meal_type": "Lunch", "category": "Grab & Go Salads", "votes": 0, "hall": "Littlefield Patio Cafe", "day": "Thursday, August 8"}, {"id": 219, "name": "Strawberry Spinach Salad w/ Grilled Chicken", "meal_type": "Lunch", "category": "Grab & Go Salads", "votes": 0, "hall": "Littlefield Patio Cafe", "day": "Thursday, August 8"}, {"id": 220, "name": "Classic Italian Focaccia Sandwich", "meal_type": "Lunch", "category": "Grab & Go", "votes": 0, "hall": "Littlefield Patio Cafe", "day": "Thursday, August 8"}, {"id": 221, "name": "Egg Salad Sandwich", "meal_type": "Lunch", "category": "Grab & Go", "votes": 0, "hall": "Littlefield Patio Cafe", "day": "Thursday, August 8"}, {"id": 222, "name": "Gluten Free Turkey & Provolone Sandwich", "meal_type": "Lunch", "category": "Grab & Go", "votes": 0, "hall": "Littlefield Patio Cafe", "day": "Thursday, August 8"}, {"id": 223, "name": "Mediterranean Style Sweet Potato & Hummus Wrap", "meal_type": "Lunch", "category": "Grab & Go", "votes": 0, "hall": "Littlefield Patio Cafe", "day": "Thursday, August 8"}, {"id": 224, "name": "Bacon, Egg & Cheese Breakfast Taco", "meal_type": "Breakfast", "category": "Breakfast Offerings", "votes": 0, "hall": "Littlefield Patio Cafe", "day": "Friday, August 9"}, {"id": 225, "name": "Bean & Cheese Breakfast Taco", "meal_type": "Breakfast", "category": "Breakfast Offerings", "votes": 0, "hall": "Littlefield Patio Cafe", "day": "Friday, August 9"}, {"id": 226, "name": "Chorizo & Egg Breakfast Taco", "meal_type": "Breakfast", "category": "Breakfast Offerings", "votes": 0, "hall": "Littlefield Patio Cafe", "day": "Friday, August 9"}, {"id": 227, "name": "Egg & Cheese Croissant", "meal_type": "Breakfast", "category": "Breakfast Offerings", "votes": 0, "hall": "Littlefield Patio Cafe", "day": "Friday, August 9"}, {"id": 228, "name": "Egg, Sausage & Cheese Croissant", "meal_type": "Breakfast", "category": "Breakfast Offerings", "votes": 0, "hall": "Littlefield Patio Cafe", "day": "Friday, August 9"}, {"id": 229, "name": "Potato, Egg & Cheese Breakfast Taco", "meal_type": "Breakfast", "category": "Breakfast Offerings", "votes": 0, "hall": "Littlefield Patio Cafe", "day": "Friday, August 9"}, {"id": 230, "name": "Blueberry Muffin", "meal_type": "Breakfast", "category": "Bakery", "votes": 0, "hall": "Littlefield Patio Cafe", "day": "Friday, August 9"}, {"id": 231, "name": "Chocolate Chip Cookies 3 per bag", "meal_type": "Breakfast", "category": "Bakery", "votes": 0, "hall": "Littlefield Patio Cafe", "day": "Friday, August 9"}, {"id": 232, "name": "Cinnamon Coffee Cake", "meal_type": "Breakfast", "category": "Bakery", "votes": 0, "hall": "Littlefield Patio Cafe", "day": "Friday, August 9"}, {"id": 233, "name": "Flaky Croissant", "meal_type": "Breakfast", "category": "Bakery", "votes": 0, "hall": "Littlefield Patio Cafe", "day": "Friday, August 9"}, {"id": 234, "name": "Ham and Cheese Croissant", "meal_type": "Breakfast", "category": "Bakery", "votes": 0, "hall": "Littlefield Patio Cafe", "day": "Friday, August 9"}, {"id": 235, "name": "Lemon Blueberry Bread", "meal_type": "Breakfast", "category": "Bakery", "votes": 0, "hall": "Littlefield Patio Cafe", "day": "Friday, August 9"}, {"id": 236, "name": "Spinach & Feta Bistro Pastry", "meal_type": "Breakfast", "category": "Bakery", "votes": 0, "hall": "Littlefield Patio Cafe", "day": "Friday, August 9"}, {"id": 237, "name": "Strawberry Cream Cheese Danish", "meal_type": "Breakfast", "category": "Bakery", "votes": 0, "hall": "Littlefield Patio Cafe", "day": "Friday, August 9"}, {"id": 238, "name": "Chocolate & Raspberry Coconut Yogurt Parfait", "meal_type": "Breakfast", "category": "Grab & Go", "votes": 0, "hall": "Littlefield Patio Cafe", "day": "Friday, August 9"}, {"id": 239, "name": "Pineapple Fruit Cup", "meal_type": "Breakfast", "category": "Grab & Go", "votes": 0, "hall": "Littlefield Patio Cafe", "day": "Friday, August 9"}, {"id": 240, "name": "American Cheese Slices", "meal_type": "Lunch", "category": "Grill", "votes": 0, "hall": "Littlefield Patio Cafe", "day": "Friday, August 9"}, {"id": 241, "name": "French Fries", "meal_type": "Lunch", "category": "Grill", "votes": 0, "hall": "Littlefield Patio Cafe", "day": "Friday, August 9"}, {"id": 242, "name": "Fresh Tomato Slices", "meal_type": "Lunch", "category": "Grill", "votes": 0, "hall": "Littlefield Patio Cafe", "day": "Friday, August 9"}, {"id": 243, "name": "Halal Grilled Chicken Breast", "meal_type": "Lunch", "category": "Grill", "votes": 0, "hall": "Littlefield Patio Cafe", "day": "Friday, August 9"}, {"id": 244, "name": "Shredded Romaine", "meal_type": "Lunch", "category": "Grill", "votes": 0, "hall": "Littlefield Patio Cafe", "day": "Friday, August 9"}, {"id": 245, "name": "Spicy Black Bean Burger", "meal_type": "Lunch", "category": "Grill", "votes": 0, "hall": "Littlefield Patio Cafe", "day": "Friday, August 9"}, {"id": 246, "name": "12\" Spinach Tortilla", "meal_type": "Lunch", "category": "Deli & Soup", "votes": 0, "hall": "Littlefield Patio Cafe", "day": "Friday, August 9"}, {"id": 247, "name": "American Cheese Slices", "meal_type": "Lunch", "category": "Deli & Soup", "votes": 0, "hall": "Littlefield Patio Cafe", "day": "Friday, August 9"}, {"id": 248, "name": "Applewood Smoked Turkey Breast", "meal_type": "Lunch", "category": "Deli & Soup", "votes": 0, "hall": "Littlefield Patio Cafe", "day": "Friday, August 9"}, {"id": 249, "name": "Baby Swiss Cheese", "meal_type": "Lunch", "category": "Deli & Soup", "votes": 0, "hall": "Littlefield Patio Cafe", "day": "Friday, August 9"}, {"id": 250, "name": "Cheddar Cheese", "meal_type": "Lunch", "category": "Deli & Soup", "votes": 0, "hall": "Littlefield Patio Cafe", "day": "Friday, August 9"}, {"id": 251, "name": "Chicken Salad", "meal_type": "Lunch", "category": "Deli & Soup", "votes": 0, "hall": "Littlefield Patio Cafe", "day": "Friday, August 9"}, {"id": 252, "name": "Fresh Tomato Slices", "meal_type": "Lunch", "category": "Deli & Soup", "votes": 0, "hall": "Littlefield Patio Cafe", "day": "Friday, August 9"}, {"id": 253, "name": "Ham Slices", "meal_type": "Lunch", "category": "Deli & Soup", "votes": 0, "hall": "Littlefield Patio Cafe", "day": "Friday, August 9"}, {"id": 254, "name": "Mayonnaise", "meal_type": "Lunch", "category": "Deli & Soup", "votes": 0, "hall": "Littlefield Patio Cafe", "day": "Friday, August 9"}, {"id": 255, "name": "Multi Grain Bread", "meal_type": "Lunch", "category": "Deli & Soup", "votes": 0, "hall": "Littlefield Patio Cafe", "day": "Friday, August 9"}, {"id": 256, "name": "Mustard", "meal_type": "Lunch", "category": "Deli & Soup", "votes": 0, "hall": "Littlefield Patio Cafe", "day": "Friday, August 9"}, {"id": 257, "name": "Salami Slices", "meal_type": "Lunch", "category": "Deli & Soup", "votes": 0, "hall": "Littlefield Patio Cafe", "day": "Friday, August 9"}, {"id": 258, "name": "Shredded Romaine", "meal_type": "Lunch", "category": "Deli & Soup", "votes": 0, "hall": "Littlefield Patio Cafe", "day": "Friday, August 9"}, {"id": 259, "name": "Sliced Pickles", "meal_type": "Lunch", "category": "Deli & Soup", "votes": 0, "hall": "Littlefield Patio Cafe", "day": "Friday, August 9"}, {"id": 260, "name": "Sliced Provolone Cheese", "meal_type": "Lunch", "category": "Deli & Soup", "votes": 0, "hall": "Littlefield Patio Cafe", "day": "Friday, August 9"}, {"id": 261, "name": "Swiss Cheese Slices", "meal_type": "Lunch", "category": "Deli & Soup", "votes": 0, "hall": "Littlefield Patio Cafe", "day": "Friday, August 9"}, {"id": 262, "name": "Tuna Salad", "meal_type": "Lunch", "category": "Deli & Soup", "votes": 0, "hall": "Littlefield Patio Cafe", "day": "Friday, August 9"}, {"id": 263, "name": "Turkey Club", "meal_type": "Lunch", "category": "Deli & Soup", "votes": 0, "hall": "Littlefield Patio Cafe", "day": "Friday, August 9"}, {"id": 264, "name": "White Bread", "meal_type": "Lunch", "category": "Deli & Soup", "votes": 0, "hall": "Littlefield Patio Cafe", "day": "Friday, August 9"}, {"id": 265, "name": "Cheese Pizza", "meal_type": "Lunch", "category": "Pizza", "votes": 0, "hall": "Littlefield Patio Cafe", "day": "Friday, August 9"}, {"id": 266, "name": "Pepperoni Pizza", "meal_type": "Lunch", "category": "Pizza", "votes": 0, "hall": "Littlefield Patio Cafe", "day": "Friday, August 9"}, {"id": 267, "name": "Almond & Blueberry Kale Side Salad w/ Balsamic", "meal_type": "Lunch", "category": "Grab & Go Salads", "votes": 0, "hall": "Littlefield Patio Cafe", "day": "Friday, August 9"}, {"id": 268, "name": "Mediterranean Garden Salad", "meal_type": "Lunch", "category": "Grab & Go Salads", "votes": 0, "hall": "Littlefield Patio Cafe", "day": "Friday, August 9"}, {"id": 269, "name": "Strawberry Spinach Salad w/ Grilled Chicken", "meal_type": "Lunch", "category": "Grab & Go Salads", "votes": 0, "hall": "Littlefield Patio Cafe", "day": "Friday, August 9"}, {"id": 270, "name": "Classic Italian Focaccia Sandwich", "meal_type": "Lunch", "category": "Grab & Go", "votes": 0, "hall": "Littlefield Patio Cafe", "day": "Friday, August 9"}, {"id": 271, "name": "Egg Salad Sandwich", "meal_type": "Lunch", "category": "Grab & Go", "votes": 0, "hall": "Littlefield Patio Cafe", "day": "Friday, August 9"}, {"id": 272, "name": "Gluten Free Turkey & Provolone Sandwich", "meal_type": "Lunch", "category": "Grab & Go", "votes": 0, "hall": "Littlefield Patio Cafe", "day": "Friday, August 9"}, {"id": 273, "name": "Mediterranean Style Sweet Potato & Hummus Wrap", "meal_type": "Lunch", "category": "Grab & Go", "votes": 0, "hall": "Littlefield Patio Cafe", "day": "Friday, August 9"}, {"id": 274, "name": "Bacon, Egg & Cheese Breakfast Taco", "meal_type": "Breakfast", "category": "Breakfast Offerings", "votes": 0, "hall": "Littlefield Patio Cafe", "day": "Monday, August 12"}, {"id": 275, "name": "Bean & Cheese Breakfast Taco", "meal_type": "Breakfast", "category": "Breakfast Offerings", "votes": 0, "hall": "Littlefield Patio Cafe", "day": "Monday, August 12"}, {"id": 276, "name": "Chorizo & Egg Breakfast Taco", "meal_type": "Breakfast", "category": "Breakfast Offerings", "votes": 0, "hall": "Littlefield Patio Cafe", "day": "Monday, August 12"}, {"id": 277, "name": "Egg & Cheese Croissant", "meal_type": "Breakfast", "category": "Breakfast Offerings", "votes": 0, "hall": "Littlefield Patio Cafe", "day": "Monday, August 12"}, {"id": 278, "name": "Egg, Sausage & Cheese Croissant", "meal_type": "Breakfast", "category": "Breakfast Offerings", "votes": 0, "hall": "Littlefield Patio Cafe", "day": "Monday, August 12"}, {"id": 279, "name": "Potato, Egg & Cheese Breakfast Taco", "meal_type": "Breakfast", "category": "Breakfast Offerings", "votes": 0, "hall": "Littlefield Patio Cafe", "day": "Monday, August 12"}, {"id": 280, "name": "Blueberry Muffin", "meal_type": "Breakfast", "category": "Bakery", "votes": 0, "hall": "Littlefield Patio Cafe", "day": "Monday, August 12"}, {"id": 281, "name": "Chocolate Chip Cookies 3 per bag", "meal_type": "Breakfast", "category": "Bakery", "votes": 0, "hall": "Littlefield Patio Cafe", "day": "Monday, August 12"}, {"id": 282, "name": "Cinnamon Coffee Cake", "meal_type": "Breakfast", "category": "Bakery", "votes": 0, "hall": "Littlefield Patio Cafe", "day": "Monday, August 12"}, {"id": 283, "name": "Flaky Croissant", "meal_type": "Breakfast", "category": "Bakery", "votes": 0, "hall": "Littlefield Patio Cafe", "day": "Monday, August 12"}, {"id": 284, "name": "Ham and Cheese Croissant", "meal_type": "Breakfast", "category": "Bakery", "votes": 0, "hall": "Littlefield Patio Cafe", "day": "Monday, August 12"}, {"id": 285, "name": "Lemon Blueberry Bread", "meal_type": "Breakfast", "category": "Bakery", "votes": 0, "hall": "Littlefield Patio Cafe", "day": "Monday, August 12"}, {"id": 286, "name": "Spinach & Feta Bistro Pastry", "meal_type": "Breakfast", "category": "Bakery", "votes": 0, "hall": "Littlefield Patio Cafe", "day": "Monday, August 12"}, {"id": 287, "name": "Strawberry Cream Cheese Danish", "meal_type": "Breakfast", "category": "Bakery", "votes": 0, "hall": "Littlefield Patio Cafe", "day": "Monday, August 12"}, {"id": 288, "name": "Chocolate & Raspberry Coconut Yogurt Parfait", "meal_type": "Breakfast", "category": "Grab & Go", "votes": 0, "hall": "Littlefield Patio Cafe", "day": "Monday, August 12"}, {"id": 289, "name": "Pineapple Fruit Cup", "meal_type": "Breakfast", "category": "Grab & Go", "votes": 0, "hall": "Littlefield Patio Cafe", "day": "Monday, August 12"}, {"id": 290, "name": "American Cheese Slices", "meal_type": "Lunch", "category": "Grill", "votes": 0, "hall": "Littlefield Patio Cafe", "day": "Monday, August 12"}, {"id": 291, "name": "French Fries", "meal_type": "Lunch", "category": "Grill", "votes": 0, "hall": "Littlefield Patio Cafe", "day": "Monday, August 12"}, {"id": 292, "name": "Fresh Tomato Slices", "meal_type": "Lunch", "category": "Grill", "votes": 0, "hall": "Littlefield Patio Cafe", "day": "Monday, August 12"}, {"id": 293, "name": "Halal Grilled Chicken Breast", "meal_type": "Lunch", "category": "Grill", "votes": 0, "hall": "Littlefield Patio Cafe", "day": "Monday, August 12"}, {"id": 294, "name": "Shredded Romaine", "meal_type": "Lunch", "category": "Grill", "votes": 0, "hall": "Littlefield Patio Cafe", "day": "Monday, August 12"}, {"id": 295, "name": "Spicy Black Bean Burger", "meal_type": "Lunch", "category": "Grill", "votes": 0, "hall": "Littlefield Patio Cafe", "day": "Monday, August 12"}, {"id": 296, "name": "12\" Spinach Tortilla", "meal_type": "Lunch", "category": "Deli & Soup", "votes": 0, "hall": "Littlefield Patio Cafe", "day": "Monday, August 12"}, {"id": 297, "name": "American Cheese Slices", "meal_type": "Lunch", "category": "Deli & Soup", "votes": 0, "hall": "Littlefield Patio Cafe", "day": "Monday, August 12"}, {"id": 298, "name": "Applewood Smoked Turkey Breast", "meal_type": "Lunch", "category": "Deli & Soup", "votes": 0, "hall": "Littlefield Patio Cafe", "day": "Monday, August 12"}, {"id": 299, "name": "Baby Swiss Cheese", "meal_type": "Lunch", "category": "Deli & Soup", "votes": 0, "hall": "Littlefield Patio Cafe", "day": "Monday, August 12"}, {"id": 300, "name": "Cheddar Cheese", "meal_type": "Lunch", "category": "Deli & Soup", "votes": 0, "hall": "Littlefield Patio Cafe", "day": "Monday, August 12"}, {"id": 301, "name": "Chicken Salad", "meal_type": "Lunch", "category": "Deli & Soup", "votes": 0, "hall": "Littlefield Patio Cafe", "day": "Monday, August 12"}, {"id": 302, "name": "Fresh Tomato Slices", "meal_type": "Lunch", "category": "Deli & Soup", "votes": 0, "hall": "Littlefield Patio Cafe", "day": "Monday, August 12"}, {"id": 303, "name": "Ham Slices", "meal_type": "Lunch", "category": "Deli & Soup", "votes": 0, "hall": "Littlefield Patio Cafe", "day": "Monday, August 12"}, {"id": 304, "name": "Mayonnaise", "meal_type": "Lunch", "category": "Deli & Soup", "votes": 0, "hall": "Littlefield Patio Cafe", "day": "Monday, August 12"}, {"id": 305, "name": "Multi Grain Bread", "meal_type": "Lunch", "category": "Deli & Soup", "votes": 0, "hall": "Littlefield Patio Cafe", "day": "Monday, August 12"}, {"id": 306, "name": "Mustard", "meal_type": "Lunch", "category": "Deli & Soup", "votes": 0, "hall": "Littlefield Patio Cafe", "day": "Monday, August 12"}, {"id": 307, "name": "Salami Slices", "meal_type": "Lunch", "category": "Deli & Soup", "votes": 0, "hall": "Littlefield Patio Cafe", "day": "Monday, August 12"}, {"id": 308, "name": "Shredded Romaine", "meal_type": "Lunch", "category": "Deli & Soup", "votes": 0, "hall": "Littlefield Patio Cafe", "day": "Monday, August 12"}, {"id": 309, "name": "Sliced Pickles", "meal_type": "Lunch", "category": "Deli & Soup", "votes": 0, "hall": "Littlefield Patio Cafe", "day": "Monday, August 12"}, {"id": 310, "name": "Sliced Provolone Cheese", "meal_type": "Lunch", "category": "Deli & Soup", "votes": 0, "hall": "Littlefield Patio Cafe", "day": "Monday, August 12"}, {"id": 311, "name": "Swiss Cheese Slices", "meal_type": "Lunch", "category": "Deli & Soup", "votes": 0, "hall": "Littlefield Patio Cafe", "day": "Monday, August 12"}, {"id": 312, "name": "Tuna Salad", "meal_type": "Lunch", "category": "Deli & Soup", "votes": 0, "hall": "Littlefield Patio Cafe", "day": "Monday, August 12"}, {"id": 313, "name": "Turkey Club", "meal_type": "Lunch", "category": "Deli & Soup", "votes": 0, "hall": "Littlefield Patio Cafe", "day": "Monday, August 12"}, {"id": 314, "name": "White Bread", "meal_type": "Lunch", "category": "Deli & Soup", "votes": 0, "hall": "Littlefield Patio Cafe", "day": "Monday, August 12"}, {"id": 315, "name": "Cheese Pizza", "meal_type": "Lunch", "category": "Pizza", "votes": 0, "hall": "Littlefield Patio Cafe", "day": "Monday, August 12"}, {"id": 316, "name": "Pepperoni Pizza", "meal_type": "Lunch", "category": "Pizza", "votes": 0, "hall": "Littlefield Patio Cafe", "day": "Monday, August 12"}, {"id": 317, "name": "Almond & Blueberry Kale Side Salad w/ Balsamic", "meal_type": "Lunch", "category": "Grab & Go Salads", "votes": 0, "hall": "Littlefield Patio Cafe", "day": "Monday, August 12"}, {"id": 318, "name": "Mediterranean Garden Salad", "meal_type": "Lunch", "category": "Grab & Go Salads", "votes": 0, "hall": "Littlefield Patio Cafe", "day": "Monday, August 12"}, {"id": 319, "name": "Strawberry Spinach Salad w/ Grilled Chicken", "meal_type": "Lunch", "category": "Grab & Go Salads", "votes": 0, "hall": "Littlefield Patio Cafe", "day": "Monday, August 12"}, {"id": 320, "name": "Classic Italian Focaccia Sandwich", "meal_type": "Lunch", "category": "Grab & Go", "votes": 0, "hall": "Littlefield Patio Cafe", "day": "Monday, August 12"}, {"id": 321, "name": "Egg Salad Sandwich", "meal_type": "Lunch", "category": "Grab & Go", "votes": 0, "hall": "Littlefield Patio Cafe", "day": "Monday, August 12"}, {"id": 322, "name": "Gluten Free Turkey & Provolone Sandwich", "meal_type": "Lunch", "category": "Grab & Go", "votes": 0, "hall": "Littlefield Patio Cafe", "day": "Monday, August 12"}, {"id": 323, "name": "Mediterranean Style Sweet Potato & Hummus Wrap", "meal_type": "Lunch", "category": "Grab & Go", "votes": 0, "hall": "Littlefield Patio Cafe", "day": "Monday, August 12"}, {"id": 324, "name": "Bacon, Egg & Cheese Breakfast Taco", "meal_type": "Breakfast", "category": "Breakfast Offerings", "votes": 0, "hall": "Littlefield Patio Cafe", "day": "Tuesday, August 13"}, {"id": 325, "name": "Bean & Cheese Breakfast Taco", "meal_type": "Breakfast", "category": "Breakfast Offerings", "votes": 0, "hall": "Littlefield Patio Cafe", "day": "Tuesday, August 13"}, {"id": 326, "name": "Chorizo & Egg Breakfast Taco", "meal_type": "Breakfast", "category": "Breakfast Offerings", "votes": 0, "hall": "Littlefield Patio Cafe", "day": "Tuesday, August 13"}, {"id": 327, "name": "Egg & Cheese Croissant", "meal_type": "Breakfast", "category": "Breakfast Offerings", "votes": 0, "hall": "Littlefield Patio Cafe", "day": "Tuesday, August 13"}, {"id": 328, "name": "Egg, Sausage & Cheese Croissant", "meal_type": "Breakfast", "category": "Breakfast Offerings", "votes": 0, "hall": "Littlefield Patio Cafe", "day": "Tuesday, August 13"}, {"id": 329, "name": "Potato, Egg & Cheese Breakfast Taco", "meal_type": "Breakfast", "category": "Breakfast Offerings", "votes": 0, "hall": "Littlefield Patio Cafe", "day": "Tuesday, August 13"}, {"id": 330, "name": "Blueberry Muffin", "meal_type": "Breakfast", "category": "Bakery", "votes": 0, "hall": "Littlefield Patio Cafe", "day": "Tuesday, August 13"}, {"id": 331, "name": "Chocolate Chip Cookies 3 per bag", "meal_type": "Breakfast", "category": "Bakery", "votes": 0, "hall": "Littlefield Patio Cafe", "day": "Tuesday, August 13"}, {"id": 332, "name": "Cinnamon Coffee Cake", "meal_type": "Breakfast", "category": "Bakery", "votes": 0, "hall": "Littlefield Patio Cafe", "day": "Tuesday, August 13"}, {"id": 333, "name": "Flaky Croissant", "meal_type": "Breakfast", "category": "Bakery", "votes": 0, "hall": "Littlefield Patio Cafe", "day": "Tuesday, August 13"}, {"id": 334, "name": "Ham and Cheese Croissant", "meal_type": "Breakfast", "category": "Bakery", "votes": 0, "hall": "Littlefield Patio Cafe", "day": "Tuesday, August 13"}, {"id": 335, "name": "Lemon Blueberry Bread", "meal_type": "Breakfast", "category": "Bakery", "votes": 0, "hall": "Littlefield Patio Cafe", "day": "Tuesday, August 13"}, {"id": 336, "name": "Spinach & Feta Bistro Pastry", "meal_type": "Breakfast", "category": "Bakery", "votes": 0, "hall": "Littlefield Patio Cafe", "day": "Tuesday, August 13"}, {"id": 337, "name": "Strawberry Cream Cheese Danish", "meal_type": "Breakfast", "category": "Bakery", "votes": 0, "hall": "Littlefield Patio Cafe", "day": "Tuesday, August 13"}, {"id": 338, "name": "Chocolate & Raspberry Coconut Yogurt Parfait", "meal_type": "Breakfast", "category": "Grab & Go", "votes": 0, "hall": "Littlefield Patio Cafe", "day": "Tuesday, August 13"}, {"id": 339, "name": "Pineapple Fruit Cup", "meal_type": "Breakfast", "category": "Grab & Go", "votes": 0, "hall": "Littlefield Patio Cafe", "day": "Tuesday, August 13"}, {"id": 340, "name": "American Cheese Slices", "meal_type": "Lunch", "category": "Grill", "votes": 0, "hall": "Littlefield Patio Cafe", "day": "Tuesday, August 13"}, {"id": 341, "name": "French Fries", "meal_type": "Lunch", "category": "Grill", "votes": 0, "hall": "Littlefield Patio Cafe", "day": "Tuesday, August 13"}, {"id": 342, "name": "Fresh Tomato Slices", "meal_type": "Lunch", "category": "Grill", "votes": 0, "hall": "Littlefield Patio Cafe", "day": "Tuesday, August 13"}, {"id": 343, "name": "Halal Grilled Chicken Breast", "meal_type": "Lunch", "category": "Grill", "votes": 0, "hall": "Littlefield Patio Cafe", "day": "Tuesday, August 13"}, {"id": 344, "name": "Shredded Romaine", "meal_type": "Lunch", "category": "Grill", "votes": 0, "hall": "Littlefield Patio Cafe", "day": "Tuesday, August 13"}, {"id": 345, "name": "Spicy Black Bean Burger", "meal_type": "Lunch", "category": "Grill", "votes": 0, "hall": "Littlefield Patio Cafe", "day": "Tuesday, August 13"}, {"id": 346, "name": "12\" Spinach Tortilla", "meal_type": "Lunch", "category": "Deli & Soup", "votes": 0, "hall": "Littlefield Patio Cafe", "day": "Tuesday, August 13"}, {"id": 347, "name": "American Cheese Slices", "meal_type": "Lunch", "category": "Deli & Soup", "votes": 0, "hall": "Littlefield Patio Cafe", "day": "Tuesday, August 13"}, {"id": 348, "name": "Applewood Smoked Turkey Breast", "meal_type": "Lunch", "category": "Deli & Soup", "votes": 0, "hall": "Littlefield Patio Cafe", "day": "Tuesday, August 13"}, {"id": 349, "name": "Baby Swiss Cheese", "meal_type": "Lunch", "category": "Deli & Soup", "votes": 0, "hall": "Littlefield Patio Cafe", "day": "Tuesday, August 13"}, {"id": 350, "name": "Cheddar Cheese", "meal_type": "Lunch", "category": "Deli & Soup", "votes": 0, "hall": "Littlefield Patio Cafe", "day": "Tuesday, August 13"}, {"id": 351, "name": "Chicken Salad", "meal_type": "Lunch", "category": "Deli & Soup", "votes": 0, "hall": "Littlefield Patio Cafe", "day": "Tuesday, August 13"}, {"id": 352, "name": "Fresh Tomato Slices", "meal_type": "Lunch", "category": "Deli & Soup", "votes": 0, "hall": "Littlefield Patio Cafe", "day": "Tuesday, August 13"}, {"id": 353, "name": "Ham Slices", "meal_type": "Lunch", "category": "Deli & Soup", "votes": 0, "hall": "Littlefield Patio Cafe", "day": "Tuesday, August 13"}, {"id": 354, "name": "Mayonnaise", "meal_type": "Lunch", "category": "Deli & Soup", "votes": 0, "hall": "Littlefield Patio Cafe", "day": "Tuesday, August 13"}, {"id": 355, "name": "Multi Grain Bread", "meal_type": "Lunch", "category": "Deli & Soup", "votes": 0, "hall": "Littlefield Patio Cafe", "day": "Tuesday, August 13"}, {"id": 356, "name": "Mustard", "meal_type": "Lunch", "category": "Deli & Soup", "votes": 0, "hall": "Littlefield Patio Cafe", "day": "Tuesday, August 13"}, {"id": 357, "name": "Salami Slices", "meal_type": "Lunch", "category": "Deli & Soup", "votes": 0, "hall": "Littlefield Patio Cafe", "day": "Tuesday, August 13"}, {"id": 358, "name": "Shredded Romaine", "meal_type": "Lunch", "category": "Deli & Soup", "votes": 0, "hall": "Littlefield Patio Cafe", "day": "Tuesday, August 13"}, {"id": 359, "name": "Sliced Pickles", "meal_type": "Lunch", "category": "Deli & Soup", "votes": 0, "hall": "Littlefield Patio Cafe", "day": "Tuesday, August 13"}, {"id": 360, "name": "Sliced Provolone Cheese", "meal_type": "Lunch", "category": "Deli & Soup", "votes": 0, "hall": "Littlefield Patio Cafe", "day": "Tuesday, August 13"}, {"id": 361, "name": "Swiss Cheese Slices", "meal_type": "Lunch", "category": "Deli & Soup", "votes": 0, "hall": "Littlefield Patio Cafe", "day": "Tuesday, August 13"}, {"id": 362, "name": "Tuna Salad", "meal_type": "Lunch", "category": "Deli & Soup", "votes": 0, "hall": "Littlefield Patio Cafe", "day": "Tuesday, August 13"}, {"id": 363, "name": "Turkey Club", "meal_type": "Lunch", "category": "Deli & Soup", "votes": 0, "hall": "Littlefield Patio Cafe", "day": "Tuesday, August 13"}, {"id": 364, "name": "White Bread", "meal_type": "Lunch", "category": "Deli & Soup", "votes": 0, "hall": "Littlefield Patio Cafe", "day": "Tuesday, August 13"}, {"id": 365, "name": "Cheese Pizza", "meal_type": "Lunch", "category": "Pizza", "votes": 0, "hall": "Littlefield Patio Cafe", "day": "Tuesday, August 13"}, {"id": 366, "name": "Pepperoni Pizza", "meal_type": "Lunch", "category": "Pizza", "votes": 0, "hall": "Littlefield Patio Cafe", "day": "Tuesday, August 13"}, {"id": 367, "name": "Almond & Blueberry Kale Side Salad w/ Balsamic", "meal_type": "Lunch", "category": "Grab & Go Salads", "votes": 0, "hall": "Littlefield Patio Cafe", "day": "Tuesday, August 13"}, {"id": 368, "name": "Mediterranean Garden Salad", "meal_type": "Lunch", "category": "Grab & Go Salads", "votes": 0, "hall": "Littlefield Patio Cafe", "day": "Tuesday, August 13"}, {"id": 369, "name": "Strawberry Spinach Salad w/ Grilled Chicken", "meal_type": "Lunch", "category": "Grab & Go Salads", "votes": 0, "hall": "Littlefield Patio Cafe", "day": "Tuesday, August 13"}, {"id": 370, "name": "Classic Italian Focaccia Sandwich", "meal_type": "Lunch", "category": "Grab & Go", "votes": 0, "hall": "Littlefield Patio Cafe", "day": "Tuesday, August 13"}, {"id": 371, "name": "Egg Salad Sandwich", "meal_type": "Lunch", "category": "Grab & Go", "votes": 0, "hall": "Littlefield Patio Cafe", "day": "Tuesday, August 13"}, {"id": 372, "name": "Gluten Free Turkey & Provolone Sandwich", "meal_type": "Lunch", "category": "Grab & Go", "votes": 0, "hall": "Littlefield Patio Cafe", "day": "Tuesday, August 13"}, {"id": 373, "name": "Mediterranean Style Sweet Potato & Hummus Wrap", "meal_type": "Lunch", "category": "Grab & Go", "votes": 0, "hall": "Littlefield Patio Cafe", "day": "Tuesday, August 13"}, {"id": 374, "name": "Bacon, Egg & Cheese Breakfast Taco", "meal_type": "Breakfast", "category": "Breakfast Offerings", "votes": 0, "hall": "Littlefield Patio Cafe", "day": "Wednesday, August 14"}, {"id": 375, "name": "Bean & Cheese Breakfast Taco", "meal_type": "Breakfast", "category": "Breakfast Offerings", "votes": 0, "hall": "Littlefield Patio Cafe", "day": "Wednesday, August 14"}, {"id": 376, "name": "Chorizo & Egg Breakfast Taco", "meal_type": "Breakfast", "category": "Breakfast Offerings", "votes": 0, "hall": "Littlefield Patio Cafe", "day": "Wednesday, August 14"}, {"id": 377, "name": "Egg & Cheese Croissant", "meal_type": "Breakfast", "category": "Breakfast Offerings", "votes": 0, "hall": "Littlefield Patio Cafe", "day": "Wednesday, August 14"}, {"id": 378, "name": "Egg, Sausage & Cheese Croissant", "meal_type": "Breakfast", "category": "Breakfast Offerings", "votes": 0, "hall": "Littlefield Patio Cafe", "day": "Wednesday, August 14"}, {"id": 379, "name": "Potato, Egg & Cheese Breakfast Taco", "meal_type": "Breakfast", "category": "Breakfast Offerings", "votes": 0, "hall": "Littlefield Patio Cafe", "day": "Wednesday, August 14"}, {"id": 380, "name": "Blueberry Muffin", "meal_type": "Breakfast", "category": "Bakery", "votes": 0, "hall": "Littlefield Patio Cafe", "day": "Wednesday, August 14"}, {"id": 381, "name": "Chocolate Chip Cookies 3 per bag", "meal_type": "Breakfast", "category": "Bakery", "votes": 0, "hall": "Littlefield Patio Cafe", "day": "Wednesday, August 14"}, {"id": 382, "name": "Cinnamon Coffee Cake", "meal_type": "Breakfast", "category": "Bakery", "votes": 0, "hall": "Littlefield Patio Cafe", "day": "Wednesday, August 14"}, {"id": 383, "name": "Flaky Croissant", "meal_type": "Breakfast", "category": "Bakery", "votes": 0, "hall": "Littlefield Patio Cafe", "day": "Wednesday, August 14"}, {"id": 384, "name": "Ham and Cheese Croissant", "meal_type": "Breakfast", "category": "Bakery", "votes": 0, "hall": "Littlefield Patio Cafe", "day": "Wednesday, August 14"}, {"id": 385, "name": "Lemon Blueberry Bread", "meal_type": "Breakfast", "category": "Bakery", "votes": 0, "hall": "Littlefield Patio Cafe", "day": "Wednesday, August 14"}, {"id": 386, "name": "Spinach & Feta Bistro Pastry", "meal_type": "Breakfast", "category": "Bakery", "votes": 0, "hall": "Littlefield Patio Cafe", "day": "Wednesday, August 14"}, {"id": 387, "name": "Strawberry Cream Cheese Danish", "meal_type": "Breakfast", "category": "Bakery", "votes": 0, "hall": "Littlefield Patio Cafe", "day": "Wednesday, August 14"}, {"id": 388, "name": "Chocolate & Raspberry Coconut Yogurt Parfait", "meal_type": "Breakfast", "category": "Grab & Go", "votes": 0, "hall": "Littlefield Patio Cafe", "day": "Wednesday, August 14"}, {"id": 389, "name": "Pineapple Fruit Cup", "meal_type": "Breakfast", "category": "Grab & Go", "votes": 0, "hall": "Littlefield Patio Cafe", "day": "Wednesday, August 14"}, {"id": 390, "name": "American Cheese Slices", "meal_type": "Lunch", "category": "Grill", "votes": 0, "hall": "Littlefield Patio Cafe", "day": "Wednesday, August 14"}, {"id": 391, "name": "French Fries", "meal_type": "Lunch", "category": "Grill", "votes": 0, "hall": "Littlefield Patio Cafe", "day": "Wednesday, August 14"}, {"id": 392, "name": "Fresh Tomato Slices", "meal_type": "Lunch", "category": "Grill", "votes": 0, "hall": "Littlefield Patio Cafe", "day": "Wednesday, August 14"}, {"id": 393, "name": "Halal Grilled Chicken Breast", "meal_type": "Lunch", "category": "Grill", "votes": 0, "hall": "Littlefield Patio Cafe", "day": "Wednesday, August 14"}, {"id": 394, "name": "Shredded Romaine", "meal_type": "Lunch", "category": "Grill", "votes": 0, "hall": "Littlefield Patio Cafe", "day": "Wednesday, August 14"}, {"id": 395, "name": "Spicy Black Bean Burger", "meal_type": "Lunch", "category": "Grill", "votes": 0, "hall": "Littlefield Patio Cafe", "day": "Wednesday, August 14"}, {"id": 396, "name": "12\" Spinach Tortilla", "meal_type": "Lunch", "category": "Deli & Soup", "votes": 0, "hall": "Littlefield Patio Cafe", "day": "Wednesday, August 14"}, {"id": 397, "name": "American Cheese Slices", "meal_type": "Lunch", "category": "Deli & Soup", "votes": 0, "hall": "Littlefield Patio Cafe", "day": "Wednesday, August 14"}, {"id": 398, "name": "Applewood Smoked Turkey Breast", "meal_type": "Lunch", "category": "Deli & Soup", "votes": 0, "hall": "Littlefield Patio Cafe", "day": "Wednesday, August 14"}, {"id": 399, "name": "Baby Swiss Cheese", "meal_type": "Lunch", "category": "Deli & Soup", "votes": 0, "hall": "Littlefield Patio Cafe", "day": "Wednesday, August 14"}, {"id": 400, "name": "Cheddar Cheese", "meal_type": "Lunch", "category": "Deli & Soup", "votes": 0, "hall": "Littlefield Patio Cafe", "day": "Wednesday, August 14"}, {"id": 401, "name": "Chicken Salad", "meal_type": "Lunch", "category": "Deli & Soup", "votes": 0, "hall": "Littlefield Patio Cafe", "day": "Wednesday, August 14"}, {"id": 402, "name": "Fresh Tomato Slices", "meal_type": "Lunch", "category": "Deli & Soup", "votes": 0, "hall": "Littlefield Patio Cafe", "day": "Wednesday, August 14"}, {"id": 403, "name": "Ham Slices", "meal_type": "Lunch", "category": "Deli & Soup", "votes": 0, "hall": "Littlefield Patio Cafe", "day": "Wednesday, August 14"}, {"id": 404, "name": "Mayonnaise", "meal_type": "Lunch", "category": "Deli & Soup", "votes": 0, "hall": "Littlefield Patio Cafe", "day": "Wednesday, August 14"}, {"id": 405, "name": "Multi Grain Bread", "meal_type": "Lunch", "category": "Deli & Soup", "votes": 0, "hall": "Littlefield Patio Cafe", "day": "Wednesday, August 14"}, {"id": 406, "name": "Mustard", "meal_type": "Lunch", "category": "Deli & Soup", "votes": 0, "hall": "Littlefield Patio Cafe", "day": "Wednesday, August 14"}, {"id": 407, "name": "Salami Slices", "meal_type": "Lunch", "category": "Deli & Soup", "votes": 0, "hall": "Littlefield Patio Cafe", "day": "Wednesday, August 14"}, {"id": 408, "name": "Shredded Romaine", "meal_type": "Lunch", "category": "Deli & Soup", "votes": 0, "hall": "Littlefield Patio Cafe", "day": "Wednesday, August 14"}, {"id": 409, "name": "Sliced Pickles", "meal_type": "Lunch", "category": "Deli & Soup", "votes": 0, "hall": "Littlefield Patio Cafe", "day": "Wednesday, August 14"}, {"id": 410, "name": "Sliced Provolone Cheese", "meal_type": "Lunch", "category": "Deli & Soup", "votes": 0, "hall": "Littlefield Patio Cafe", "day": "Wednesday, August 14"}, {"id": 411, "name": "Swiss Cheese Slices", "meal_type": "Lunch", "category": "Deli & Soup", "votes": 0, "hall": "Littlefield Patio Cafe", "day": "Wednesday, August 14"}, {"id": 412, "name": "Tuna Salad", "meal_type": "Lunch", "category": "Deli & Soup", "votes": 0, "hall": "Littlefield Patio Cafe", "day": "Wednesday, August 14"}, {"id": 413, "name": "Turkey Club", "meal_type": "Lunch", "category": "Deli & Soup", "votes": 0, "hall": "Littlefield Patio Cafe", "day": "Wednesday, August 14"}, {"id": 414, "name": "White Bread", "meal_type": "Lunch", "category": "Deli & Soup", "votes": 0, "hall": "Littlefield Patio Cafe", "day": "Wednesday, August 14"}, {"id": 415, "name": "Cheese Pizza", "meal_type": "Lunch", "category": "Pizza", "votes": 0, "hall": "Littlefield Patio Cafe", "day": "Wednesday, August 14"}, {"id": 416, "name": "Pepperoni Pizza", "meal_type": "Lunch", "category": "Pizza", "votes": 0, "hall": "Littlefield Patio Cafe", "day": "Wednesday, August 14"}, {"id": 417, "name": "Almond & Blueberry Kale Side Salad w/ Balsamic", "meal_type": "Lunch", "category": "Grab & Go Salads", "votes": 0, "hall": "Littlefield Patio Cafe", "day": "Wednesday, August 14"}, {"id": 418, "name": "Mediterranean Garden Salad", "meal_type": "Lunch", "category": "Grab & Go Salads", "votes": 0, "hall": "Littlefield Patio Cafe", "day": "Wednesday, August 14"}, {"id": 419, "name": "Strawberry Spinach Salad w/ Grilled Chicken", "meal_type": "Lunch", "category": "Grab & Go Salads", "votes": 0, "hall": "Littlefield Patio Cafe", "day": "Wednesday, August 14"}, {"id": 420, "name": "Classic Italian Focaccia Sandwich", "meal_type": "Lunch", "category": "Grab & Go", "votes": 0, "hall": "Littlefield Patio Cafe", "day": "Wednesday, August 14"}, {"id": 421, "name": "Egg Salad Sandwich", "meal_type": "Lunch", "category": "Grab & Go", "votes": 0, "hall": "Littlefield Patio Cafe", "day": "Wednesday, August 14"}, {"id": 422, "name": "Gluten Free Turkey & Provolone Sandwich", "meal_type": "Lunch", "category": "Grab & Go", "votes": 0, "hall": "Littlefield Patio Cafe", "day": "Wednesday, August 14"}, {"id": 423, "name": "Mediterranean Style Sweet Potato & Hummus Wrap", "meal_type": "Lunch", "category": "Grab & Go", "votes": 0, "hall": "Littlefield Patio Cafe", "day": "Wednesday, August 14"}]